keyword,volume,counted_in_total,cluster,trend_pct,cpc,tags,serp_label,serp_read_directly,ai_overview,aio_on_lookup,young_in_top10,best_young_pos,forum_best_pos,incumbents_top3,fast_score,target_url,page_type
no tax on overtime calculator,18100,Y,c39,-84,,calculator,FAST,Y,true,,#1 notaxovertimecalculator.com (8mo),1,8,intuit.com,12.77,/no-tax-on-overtime/,tool
no tax on tips calculator,1000,Y,c29,-78,,calculator,FAST,Y,true,,#1 nationaltaxtools.com (7mo); #7 countrytaxcalc.com (13mo),1,,intuit.com,9,/no-tax-on-tips/,tool
how to calculate no tax on overtime,880,N,c7,-73,,question|calculator|how-to,FAST,Y,true,,#2 notaxovertimecalculator.com (8mo),2,,irs.gov|intuit.com,8.83,/no-tax-on-overtime/,tool
overtime tax deduction calculator 2025,1300,N,c42,111,,calculator|dated,OPENING,Y,true,,#7 digitalcalculator.info (9mo); #9 notaxonovertimecalculator.com (14mo),7,,intuit.com,4.67,/overtime-tax-deduction-2025/,dated 2025 page
overtime tax deduction calculator,1000,Y,c46,-89,2.15,calculator,OPENING,Y,true,,#8 digitalcalculator.info (9mo),8,5,intuit.com,4.5,/overtime-tax-deduction/,tool
no tax on overtime california,880,N,c7,-69,,head,FAST,inherited,true,Y,#2 notaxovertimecalculator.com (8mo),2,,irs.gov|intuit.com,4.42,/no-tax-on-overtime/,tool
no tax on overtime when does it start,880,N,c7,-97,,head,FAST,inherited,true,Y,#2 notaxovertimecalculator.com (8mo),2,,irs.gov|intuit.com,4.42,/no-tax-on-overtime/,tool
how to calculate overtime tax deduction,720,N,c40,-85,,question|calculator|how-to,OPENING,Y,true,,,,4,intuit.com|irs.gov,4.29,/overtime-tax-deduction/,tool
how does no tax on overtime work,8100,Y,c45,-71,0.03,question|how-to,OPENING,Y,true,Y,,,3,irs.gov,2.93,/no-tax-on-overtime/how-to-calculate/,how-to
no tax on overtime explained,5400,Y,c37,-89,0.08,how-to,OPENING,Y,true,Y,,,3,irs.gov,2.8,/no-tax-on-overtime/how-to-calculate/,how-to
does overtime get taxed,2400,Y,c24,18,0.03,question,OPENING,Y,true,Y,,,4,irs.gov|hrblock.com,2.54,/no-tax-on-overtime/,tool FAQ
how does no tax on tips work,1900,Y,c38,-21,0.02,question|how-to,OPENING,Y,true,Y,,,7,intuit.com,2.46,/no-tax-on-tips/how-to-calculate/,how-to
no tax on overtime start date,720,Y,c40,-96,,head,OPENING,inherited,true,Y,,,4,intuit.com|irs.gov,2.14,/no-tax-on-overtime/,tool
no tax on overtime,60500,Y,c3,-84,6.03,head,LOCKED,Y,true,Y,,,,irs.gov,0,/no-tax-on-overtime/,tool
no tax on tips,27100,Y,c1,-64,0.17,head,LOCKED,Y,true,Y,,,,irs.gov|congress.gov|intuit.com,0,/no-tax-on-tips/,tool
overtime tax deduction,12100,Y,c17,-68,0.77,head,LOCKED,Y,true,Y,,,,irs.gov|intuit.com,0,/overtime-tax-deduction/,tool
no tax on tips 2025,2900,Y,c6,-87,0.28,dated,LOCKED,Y,true,Y,,,,irs.gov|intuit.com|congress.gov,0,/no-tax-on-tips-2025/,dated 2025 page
no tax on overtime bill,2900,Y,c25,-97,,head,LOCKED,Y,true,Y,,,,irs.gov|congress.gov,0,/no-tax-on-overtime/,tool
qualified overtime deduction,2900,N,c25,18,,eligibility,LOCKED,Y,true,Y,,,,irs.gov|intuit.com,0,/qualified-overtime-deduction/who-qualifies/,eligibility explainer
no tax on overtime rules,2400,N,c24,-29,0.02,eligibility,LOCKED,Y,true,Y,,,,irs.gov,0,/no-tax-on-overtime/who-qualifies/,eligibility explainer
overtime tax deduction 2025,2400,N,c24,-77,1.76,dated,LOCKED,Y,true,Y,,,,irs.gov|intuit.com,0,/overtime-tax-deduction-2025/,dated 2025 page
is no tax on overtime in effect,1900,Y,c44,-77,,question,LOCKED,Y,true,Y,,,,hrblock.com|intuit.com,0,/no-tax-on-overtime/,tool FAQ
who qualifies for no tax on overtime,1900,N,c44,-74,,question|eligibility,LOCKED,Y,true,Y,,,,irs.gov|irs.gov,0,/no-tax-on-overtime/who-qualifies/,eligibility explainer
no tax on tips rules,1600,Y,c8,154,0.37,eligibility,LOCKED,Y,true,Y,,,,irs.gov|intuit.com|congress.gov,0,/no-tax-on-tips/who-qualifies/,eligibility explainer
no tax on overtime income limit,1300,Y,c42,-69,0.03,eligibility,LOCKED,Y,true,Y,,,,irs.gov|hrblock.com,0,/no-tax-on-overtime/who-qualifies/,eligibility explainer
is overtime taxable,880,Y,c7,0,0.01,question,LOCKED,Y,true,Y,,,,irs.gov|hrblock.com,0,/no-tax-on-overtime/,tool FAQ
no tax on overtime limit,880,N,c7,-70,,eligibility,LOCKED,Y,true,Y,,,,irs.gov|hrblock.com,0,/no-tax-on-overtime/who-qualifies/,eligibility explainer
no tax on tips explained,880,Y,c28,-90,0.03,how-to,NOT READ,N,,,,,,,0,/no-tax-on-tips/how-to-calculate/,how-to
no tax on tips 2026,720,Y,c5,829,0.68,dated,LOCKED,Y,true,Y,,,,irs.gov|congress.gov,0,/no-tax-on-tips-2026/,dated 2026 page
no tax on overtime 2026,590,Y,c21,-3,,dated,NOT READ,N,,,,,,,0,/no-tax-on-overtime-2026/,dated 2026 page
no tax on tips california,590,Y,c30,-58,,head,NOT READ,N,,,,,,,0,/no-tax-on-tips/,tool
no tax on overtime example,590,N,c21,-91,,how-to,NOT READ,N,,,,,,,0,/no-tax-on-overtime/how-to-calculate/,how-to
no tax on overtime passed,480,Y,c31,-99,,head,NOT READ,N,,,,,,,0,/no-tax-on-overtime/,tool
no tax on overtime how much will i get back,480,N,c31,-93,,cost,NOT READ,N,,,,,,,0,/no-tax-on-overtime/cost/,cost explainer
no tax on overtime bill 2025 when will it start,480,N,c31,-99,,dated,NOT READ,N,,,,,,,0,/no-tax-on-overtime-2025/,dated 2025 page
tips tax deduction,390,Y,c4,-39,0.02,head,NOT READ,N,,,,,,,0,/tips-tax-deduction/,tool
no tax on tips law,390,N,c4,-57,,head,NOT READ,N,,,,,,,0,/no-tax-on-tips/,tool
no tax on tips limit,390,N,c4,-30,0.02,eligibility,NOT READ,N,,,,,,,0,/no-tax-on-tips/who-qualifies/,eligibility explainer
no tax on overtime law,390,Y,c19,-73,,head,NOT READ,N,,,,,,,0,/no-tax-on-overtime/,tool
no tax on overtime michigan,390,N,c19,-91,,head,NOT READ,N,,,,,,,0,/no-tax-on-overtime/,tool
how to claim no tax on overtime,390,N,c19,-88,,question|how-to,NOT READ,N,,,,,,,0,/no-tax-on-overtime/how-to-calculate/,how-to
no tax on overtime phase out chart,390,N,c19,-46,,eligibility,NOT READ,N,,,,,,,0,/no-tax-on-overtime/who-qualifies/,eligibility explainer
does no tax on overtime apply to 2025,390,N,c19,-81,,question|dated,NOT READ,N,,,,,,,0,/no-tax-on-overtime-2025/,dated 2025 page
no tax on overtime bill passed when does it start,390,N,c19,-92,,head,NOT READ,N,,,,,,,0,/no-tax-on-overtime/,tool
no tax on overtime reddit,320,Y,c32,-86,,head,NOT READ,N,,,,,,,0,/no-tax-on-overtime/,tool
overtime tax deduction on w2,320,N,c32,new (from ~0),,head,NOT READ,N,,,,,,,0,/overtime-tax-deduction/,tool
no tax on overtime deduction,320,N,c32,-69,,head,NOT READ,N,,,,,,,0,/no-tax-on-overtime/,tool
no tax on overtime for all workers act,320,N,c32,-67,,head,NOT READ,N,,,,,,,0,/no-tax-on-overtime/,tool
no tax on overtime w2,260,Y,c14,-77,,head,NOT READ,N,,,,,,,0,/no-tax-on-overtime/,tool
no tax on overtime cap,260,N,c14,-78,,head,NOT READ,N,,,,,,,0,/no-tax-on-overtime/,tool
what is no tax on overtime,260,N,c14,-44,,question|how-to,NOT READ,N,,,,,,,0,/no-tax-on-overtime/how-to-calculate/,how-to
no tax on overtime double time,260,N,c14,-80,,head,NOT READ,N,,,,,,,0,/no-tax-on-overtime/,tool
no tax on overtime how does it work,260,N,c14,-85,0.02,how-to,NOT READ,N,,,,,,,0,/no-tax-on-overtime/how-to-calculate/,how-to
is no tax on overtime in effect now,260,N,c14,-85,,question,NOT READ,N,,,,,,,0,/no-tax-on-overtime/,tool FAQ
what is no tax on tips,210,Y,c16,0,0.02,question|how-to,NOT READ,N,,,,,,,0,/no-tax-on-tips/how-to-calculate/,how-to
no tax on overtime details,210,Y,c35,-95,,head,NOT READ,N,,,,,,,0,/no-tax-on-overtime/,tool
no tax on overtime illinois,210,N,c35,-71,,head,NOT READ,N,,,,,,,0,/no-tax-on-overtime/,tool
no tax on overtime phase out,210,N,c35,-80,,eligibility,NOT READ,N,,,,,,,0,/no-tax-on-overtime/who-qualifies/,eligibility explainer
no tax on overtime starts when,210,N,c35,-98,,head,NOT READ,N,,,,,,,0,/no-tax-on-overtime/,tool
who qualifies for no tax on tips,210,N,c16,-82,,question|eligibility,NOT READ,N,,,,,,,0,/no-tax-on-tips/who-qualifies/,eligibility explainer
no tax on overtime effective date,210,N,c35,-95,,head,NOT READ,N,,,,,,,0,/no-tax-on-overtime/,tool
how does overtime tax deduction work,210,N,c35,-75,,question|how-to,NOT READ,N,,,,,,,0,/overtime-tax-deduction/how-to-calculate/,how-to
tips tax credit,170,Y,c2,-50,26.15,head,NOT READ,N,,,,,,,0,/no-tax-on-overtime/,tool
no tax on overtime irs,170,Y,c18,-91,,head,NOT READ,N,,,,,,,0,/no-tax-on-overtime/,tool
no tax on overtime pay,170,N,c18,-81,,head,NOT READ,N,,,,,,,0,/no-tax-on-overtime/,tool
no tax on overtime on w2,170,N,c18,new (from ~0),,head,NOT READ,N,,,,,,,0,/no-tax-on-overtime/,tool
overtime tax deduction limits,170,N,c18,new (from ~0),,eligibility,NOT READ,N,,,,,,,0,/overtime-tax-deduction/who-qualifies/,eligibility explainer
no tax on overtime bill passed,170,N,c18,-94,,head,NOT READ,N,,,,,,,0,/no-tax-on-overtime/,tool
no tax on tips refund calculator,170,N,c2,-64,,calculator,NOT READ,N,,,,,,,0,/no-tax-on-tips/,tool
no tax on overtime tax refund calculator,170,N,c18,new (from ~0),,calculator,NOT READ,N,,,,,,,0,/no-tax-on-overtime/,tool
does no tax on overtime apply to everyone,170,N,c18,-77,,question,NOT READ,N,,,,,,,0,/no-tax-on-overtime/,tool FAQ
no tax on overtime married filing separately,170,N,c18,-59,,head,NOT READ,N,,,,,,,0,/no-tax-on-overtime/,tool
no tax on overtime ny,140,Y,c11,-76,,head,NOT READ,N,,,,,,,0,/no-tax-on-overtime/,tool
no tax on tips income limit,140,Y,c36,-51,,eligibility,NOT READ,N,,,,,,,0,/no-tax-on-tips/who-qualifies/,eligibility explainer
no tax on overtime colorado,140,N,c11,-83,0.04,head,NOT READ,N,,,,,,,0,/no-tax-on-overtime/,tool
no tax on overtime requirements,140,N,c11,-89,,eligibility,NOT READ,N,,,,,,,0,/no-tax-on-overtime/who-qualifies/,eligibility explainer
no tax on overtime calculator 2025,140,N,c11,new (from ~0),,calculator|dated,NOT READ,N,,,,,,,0,/no-tax-on-overtime-2025/,dated 2025 page
does no tax on overtime mean a bigger tax return,140,N,c11,-96,,question,NOT READ,N,,,,,,,0,/no-tax-on-overtime/,tool FAQ
no tax on overtime update,110,Y,c33,-94,,head,NOT READ,N,,,,,,,0,/no-tax-on-overtime/,tool
no tax on overtime federal,110,N,c33,-62,,head,NOT READ,N,,,,,,,0,/no-tax-on-overtime/,tool
overtime tax deduction 2026,110,N,c33,new (from ~0),,dated,NOT READ,N,,,,,,,0,/overtime-tax-deduction-2026/,dated 2026 page
no tax on overtime and tips,110,N,c33,-68,,head,NOT READ,N,,,,,,,0,/no-tax-on-overtime/,tool
no tax on tips how does it work,110,Y,c43,0,0.03,how-to,NOT READ,N,,,,,,,0,/no-tax-on-tips/how-to-calculate/,how-to
no tax on overtime stipulations,110,N,c33,-90,,head,NOT READ,N,,,,,,,0,/no-tax-on-overtime/,tool
no tax on tips for self employed,110,N,c43,-8,0.03,head,NOT READ,N,,,,,,,0,/no-tax-on-tips/,tool
no tax on overtime union workers,110,N,c33,-93,,head,NOT READ,N,,,,,,,0,/no-tax-on-overtime/,tool
qualified overtime deduction 2025,110,N,c33,new (from ~0),,dated|eligibility,NOT READ,N,,,,,,,0,/qualified-overtime-deduction-2025/,dated 2025 page
overtime tax deduction income limit,110,N,c33,-65,,eligibility,NOT READ,N,,,,,,,0,/overtime-tax-deduction/who-qualifies/,eligibility explainer
no tax on overtime married filing jointly,110,N,c33,-87,,head,NOT READ,N,,,,,,,0,/no-tax-on-overtime/,tool
no tax on overtime for all workers act passed,110,N,c33,new (from ~0),,head,NOT READ,N,,,,,,,0,/no-tax-on-overtime/,tool
no tax on overtime nj,90,Y,c13,-73,,head,NOT READ,N,,,,,,,0,/no-tax-on-overtime/,tool
overtime tax deduction limit,90,N,c13,-81,,eligibility,NOT READ,N,,,,,,,0,/overtime-tax-deduction/who-qualifies/,eligibility explainer
no tax on overtime threshold,90,N,c13,-80,,head,NOT READ,N,,,,,,,0,/no-tax-on-overtime/,tool
no tax on overtime rules 2025,90,N,c13,-81,,dated|eligibility,NOT READ,N,,,,,,,0,/no-tax-on-overtime-2025/,dated 2025 page
no tax on overtime eligibility,90,N,c13,-88,,eligibility,NOT READ,N,,,,,,,0,/no-tax-on-overtime/who-qualifies/,eligibility explainer
no tax on overtime how to claim,90,N,c13,-75,,how-to,NOT READ,N,,,,,,,0,/no-tax-on-overtime/how-to-calculate/,how-to
no tax on overtime who qualifies,90,N,c13,-86,,eligibility,NOT READ,N,,,,,,,0,/no-tax-on-overtime/who-qualifies/,eligibility explainer
no tax on overtime railroad workers,90,N,c13,-81,,head,NOT READ,N,,,,,,,0,/no-tax-on-overtime/,tool
no tax on overtime for railroad workers,90,N,c13,-72,,head,NOT READ,N,,,,,,,0,/no-tax-on-overtime/,tool
how to calculate qualified overtime deduction,90,N,c13,new (from ~0),,question|calculator|eligibility|how-to,NOT READ,N,,,,,,,0,/qualified-overtime-deduction/,tool
no tax on overtime max,70,Y,c20,-53,,head,NOT READ,N,,,,,,,0,/no-tax-on-overtime/,tool
no tax on overtime ohio,70,N,c20,-81,,head,NOT READ,N,,,,,,,0,/no-tax-on-overtime/,tool
no tax on overtime in pa,70,N,c20,-50,,head,NOT READ,N,,,,,,,0,/no-tax-on-overtime/,tool
no tax on overtime texas,70,N,c20,-89,,head,NOT READ,N,,,,,,,0,/no-tax-on-overtime/,tool
no tax on overtime amount,70,N,c20,-76,,head,NOT READ,N,,,,,,,0,/no-tax-on-overtime/,tool
no tax on tips eligibility,70,Y,c34,-75,,eligibility,NOT READ,N,,,,,,,0,/no-tax-on-tips/who-qualifies/,eligibility explainer
no tax on overtime florida,70,N,c20,-57,,head,NOT READ,N,,,,,,,0,/no-tax-on-overtime/,tool
no tax on overtime meaning,70,N,c20,-76,,head,NOT READ,N,,,,,,,0,/no-tax-on-overtime/,tool
no tax on overtime new york,70,N,c20,-83,,head,NOT READ,N,,,,,,,0,/no-tax-on-overtime/,tool
no tax on overtime in effect,70,N,c20,-85,,head,NOT READ,N,,,,,,,0,/no-tax-on-overtime/,tool
no tax on overtime wisconsin,70,N,c20,40,,head,NOT READ,N,,,,,,,0,/no-tax-on-overtime/,tool
no tax on overtime exemptions,70,N,c20,-81,,head,NOT READ,N,,,,,,,0,/no-tax-on-overtime/,tool
no tax on overtime guidelines,70,N,c20,-89,0.01,head,NOT READ,N,,,,,,,0,/no-tax-on-overtime/,tool
no tax on overtime max income,70,N,c20,-69,,head,NOT READ,N,,,,,,,0,/no-tax-on-overtime/,tool
how to calculate no tax on tips,70,N,c34,new (from ~0),,question|calculator|how-to,NOT READ,N,,,,,,,0,/no-tax-on-tips/,tool
no tax on overtime how it works,70,N,c20,-90,,head,NOT READ,N,,,,,,,0,/no-tax-on-overtime/,tool
overtime tax deduction explained,70,N,c20,-80,,how-to,NOT READ,N,,,,,,,0,/overtime-tax-deduction/how-to-calculate/,how-to
overtime tax deduction phase out,70,N,c20,-79,,eligibility,NOT READ,N,,,,,,,0,/overtime-tax-deduction/who-qualifies/,eligibility explainer
no tax on overtime in california,70,N,c20,-54,,head,NOT READ,N,,,,,,,0,/no-tax-on-overtime/,tool
no tax on overtime massachusetts,70,N,c20,11,,head,NOT READ,N,,,,,,,0,/no-tax-on-overtime/,tool
no tax on overtime go into effect,70,N,c20,-93,,head,NOT READ,N,,,,,,,0,/no-tax-on-overtime/,tool
no tax on overtime how to calculate,70,N,c20,0,,calculator|how-to,NOT READ,N,,,,,,,0,/no-tax-on-overtime/,tool
how to claim no tax on overtime 2025,70,N,c20,new (from ~0),,question|dated|how-to,NOT READ,N,,,,,,,0,/no-tax-on-overtime-2025/,dated 2025 page
no tax on overtime big beautiful bill,70,N,c20,-87,,head,NOT READ,N,,,,,,,0,/no-tax-on-overtime/,tool
who qualifies for overtime tax deduction,70,N,c20,new (from ~0),,question|eligibility,NOT READ,N,,,,,,,0,/overtime-tax-deduction/who-qualifies/,eligibility explainer
how to calculate no tax on overtime return,70,N,c20,new (from ~0),,question|calculator|how-to,NOT READ,N,,,,,,,0,/no-tax-on-overtime/,tool
no tax on overtime mn,50,Y,c10,-53,,head,NOT READ,N,,,,,,,0,/no-tax-on-overtime/,tool
no tax on tips example,50,Y,c15,-62,0.14,how-to,NOT READ,N,,,,,,,0,/no-tax-on-tips/how-to-calculate/,how-to
no tax on overtime maine,50,N,c10,-67,,head,NOT READ,N,,,,,,,0,/no-tax-on-overtime/,tool
no tax on overtime oregon,50,N,c10,-45,,head,NOT READ,N,,,,,,,0,/no-tax-on-overtime/,tool
no tax on overtime georgia,50,N,c10,-62,,head,NOT READ,N,,,,,,,0,/no-tax-on-overtime/,tool
no tax on overtime indiana,50,N,c10,-45,,head,NOT READ,N,,,,,,,0,/no-tax-on-overtime/,tool
no tax on overtime breakdown,50,N,c10,-86,0.03,head,NOT READ,N,,,,,,,0,/no-tax-on-overtime/,tool
no tax on overtime bill 2025,50,N,c10,-90,,dated,NOT READ,N,,,,,,,0,/no-tax-on-overtime-2025/,dated 2025 page
no tax on overtime cap limit,50,N,c10,-84,,eligibility,NOT READ,N,,,,,,,0,/no-tax-on-overtime/who-qualifies/,eligibility explainer
no tax on tips up to how much,50,N,c15,129,,cost,NOT READ,N,,,,,,,0,/no-tax-on-tips/cost/,cost explainer
what is overtime tax deduction,50,N,c10,new (from ~0),,question|how-to,NOT READ,N,,,,,,,0,/overtime-tax-deduction/how-to-calculate/,how-to
no tax on overtime how to file,50,N,c10,new (from ~0),,how-to,NOT READ,N,,,,,,,0,/no-tax-on-overtime/how-to-calculate/,how-to
no tax on overtime ny start date,50,N,c10,67,,head,NOT READ,N,,,,,,,0,/no-tax-on-overtime/,tool
no tax on overtime tax deduction,50,N,c10,-86,,head,NOT READ,N,,,,,,,0,/overtime-tax-deduction/,tool
no tax on tips no tax on overtime,50,N,c10,-44,,head,NOT READ,N,,,,,,,0,/no-tax-on-overtime/,tool
no tax on overtime bill explained,50,N,c10,-89,,how-to,NOT READ,N,,,,,,,0,/no-tax-on-overtime/how-to-calculate/,how-to
no tax on overtime exempt employees,50,N,c10,-73,,head,NOT READ,N,,,,,,,0,/no-tax-on-overtime/,tool
no tax on overtime washington state,50,N,c10,-82,,head,NOT READ,N,,,,,,,0,/no-tax-on-overtime/,tool
no tax on overtime standard deduction,50,N,c10,-82,,head,NOT READ,N,,,,,,,0,/no-tax-on-overtime/,tool
qualified overtime deduction calculator,50,N,c10,new (from ~0),,calculator|eligibility,NOT READ,N,,,,,,,0,/qualified-overtime-deduction/,tool
no tax on overtime explained for dummies,50,N,c10,-87,,how-to,NOT READ,N,,,,,,,0,/no-tax-on-overtime/how-to-calculate/,how-to
how much tax is taken out of overtime pay,50,N,c10,-77,,question|cost,NOT READ,N,,,,,,,0,/no-tax-on-overtime/cost/,cost explainer
does no tax on overtime apply to double time,50,N,c10,-67,,question,NOT READ,N,,,,,,,0,/no-tax-on-overtime/,tool FAQ
how does the no tax on overtime deduction work,50,N,c10,-67,,question|how-to,NOT READ,N,,,,,,,0,/no-tax-on-overtime/how-to-calculate/,how-to
no tax on overtime work,40,Y,c27,-79,,head,NOT READ,N,,,,,,,0,/no-tax-on-overtime/,tool
no tax on overtime in ct,40,N,c27,25,,head,NOT READ,N,,,,,,,0,/no-tax-on-overtime/,tool
no tax on overtime states,40,N,c27,-67,,head,NOT READ,N,,,,,,,0,/no-tax-on-overtime/,tool
no tax on overtime alabama,40,N,c27,-56,,head,NOT READ,N,,,,,,,0,/no-tax-on-overtime/,tool
no tax on overtime or tips,40,N,c27,-73,0.01,head,NOT READ,N,,,,,,,0,/no-tax-on-overtime/,tool
no tax on overtime missouri,40,N,c27,-75,,head,NOT READ,N,,,,,,,0,/no-tax-on-overtime/,tool
overtime tax deduction rules,40,N,c27,-40,,eligibility,NOT READ,N,,,,,,,0,/overtime-tax-deduction/who-qualifies/,eligibility explainer
is no tax on overtime a thing,40,N,c27,-31,,question,NOT READ,N,,,,,,,0,/no-tax-on-overtime/,tool FAQ
no tax on overtime bill details,40,N,c27,-94,,head,NOT READ,N,,,,,,,0,/no-tax-on-overtime/,tool
no tax on overtime limit income,40,N,c27,-43,,eligibility,NOT READ,N,,,,,,,0,/no-tax-on-overtime/who-qualifies/,eligibility explainer
is there no tax on overtime yet,40,N,c27,-86,,question,NOT READ,N,,,,,,,0,/no-tax-on-overtime/,tool FAQ
is no tax on overtime for everyone,40,N,c27,-77,,question,NOT READ,N,,,,,,,0,/no-tax-on-overtime/,tool FAQ
no tax on overtime bill passed today,40,N,c27,-87,,head,NOT READ,N,,,,,,,0,/no-tax-on-overtime/,tool
no tax on overtime head of household,40,N,c27,-87,,head,NOT READ,N,,,,,,,0,/no-tax-on-overtime/,tool
no tax on overtime deduction explained,40,N,c27,-73,,how-to,NOT READ,N,,,,,,,0,/no-tax-on-overtime/how-to-calculate/,how-to
how does no tax on overtime work for 2026,40,N,c27,new (from ~0),,question|dated|how-to,NOT READ,N,,,,,,,0,/no-tax-on-overtime-2026/,dated 2026 page
no tax on overtime nc,30,Y,c12,-70,,head,NOT READ,N,,,,,,,0,/no-tax-on-overtime/,tool
is no tax on overtime,30,N,c12,-60,,question,NOT READ,N,,,,,,,0,/no-tax-on-overtime/,tool FAQ
no tax on overtime act,30,N,c12,-67,,head,NOT READ,N,,,,,,,0,/no-tax-on-overtime/,tool
tips tax deduction 2025,30,Y,c23,new (from ~0),,dated,NOT READ,N,,,,,,,0,/tips-tax-deduction-2025/,dated 2025 page
no tax on overtime real,30,N,c12,-70,,head,NOT READ,N,,,,,,,0,/no-tax-on-overtime/,tool
no tax on overtime chart,30,N,c12,-62,,head,NOT READ,N,,,,,,,0,/no-tax-on-overtime/,tool
no tax on overtime hours,30,N,c12,-62,,head,NOT READ,N,,,,,,,0,/no-tax-on-overtime/,tool
no tax on overtime obbba,30,N,c12,-70,,head,NOT READ,N,,,,,,,0,/no-tax-on-overtime/,tool
no tax on overtime cutoff,30,N,c12,-70,,head,NOT READ,N,,,,,,,0,/no-tax-on-overtime/,tool
no tax on overtime arizona,30,N,c12,-25,,head,NOT READ,N,,,,,,,0,/no-tax-on-overtime/,tool
no tax on overtime guidance,30,N,c12,-87,,head,NOT READ,N,,,,,,,0,/no-tax-on-overtime/,tool
no tax on overtime nebraska,30,N,c12,-62,,head,NOT READ,N,,,,,,,0,/no-tax-on-overtime/,tool
no tax on overtime railroad,30,N,c12,-62,,head,NOT READ,N,,,,,,,0,/no-tax-on-overtime/,tool
no tax on overtime virginia,30,N,c12,-43,,head,NOT READ,N,,,,,,,0,/no-tax-on-overtime/,tool
no tax on overtime estimator,30,N,c12,-33,,calculator,NOT READ,N,,,,,,,0,/no-tax-on-overtime/,tool
no tax on overtime provision,30,N,c12,-57,,head,NOT READ,N,,,,,,,0,/no-tax-on-overtime/,tool
no tax on overtime was a lie,30,N,c12,0,,head,NOT READ,N,,,,,,,0,/no-tax-on-overtime/,tool
no tax on overtime law passed,30,N,c12,-73,,head,NOT READ,N,,,,,,,0,/no-tax-on-overtime/,tool
no tax on overtime did it pass,30,N,c12,-81,,head,NOT READ,N,,,,,,,0,/no-tax-on-overtime/,tool
is no tax on overtime permanent,30,N,c12,33,,question,NOT READ,N,,,,,,,0,/no-tax-on-overtime/,tool FAQ
no tax on overtime calculator irs,30,N,c12,new (from ~0),,calculator,NOT READ,N,,,,,,,0,/no-tax-on-overtime/,tool
no tax on overtime expiration date,30,N,c12,200,,head,NOT READ,N,,,,,,,0,/no-tax-on-overtime/,tool
no tax on overtime goes into effect,30,N,c12,-85,,head,NOT READ,N,,,,,,,0,/no-tax-on-overtime/,tool
no tax on overtime only for the half,30,N,c12,-33,,head,NOT READ,N,,,,,,,0,/no-tax-on-overtime/,tool
no tax on overtime calculator turbotax,30,N,c12,new (from ~0),,calculator,NOT READ,N,,,,,,,0,/no-tax-on-overtime/,tool
what occupations qualify for no tax on tips,30,N,c23,-70,,question|eligibility,NOT READ,N,,,,,,,0,/no-tax-on-tips/who-qualifies/,eligibility explainer
how much is the no tax on overtime deduction,30,N,c12,-67,,question|cost,NOT READ,N,,,,,,,0,/no-tax-on-overtime/cost/,cost explainer
how to calculate no tax on overtime for 2025,30,N,c12,new (from ~0),,question|calculator|dated|how-to,NOT READ,N,,,,,,,0,/no-tax-on-overtime-2025/,dated 2025 page
does no tax on overtime apply to salaried employees,30,N,c12,-25,,question,NOT READ,N,,,,,,,0,/no-tax-on-overtime/,tool FAQ
no tax on overtime iowa,20,Y,c26,-43,,head,NOT READ,N,,,,,,,0,/no-tax-on-overtime/,tool
no tax on overtime usps,20,N,c26,-80,,head,NOT READ,N,,,,,,,0,/no-tax-on-overtime/,tool
no tax on overtime when,20,N,c26,-73,,head,NOT READ,N,,,,,,,0,/no-tax-on-overtime/,tool
no tax on overtime taxes,20,N,c26,new (from ~0),,head,NOT READ,N,,,,,,,0,/no-tax-on-overtime/,tool
no tax on overtime policy,20,N,c26,-50,,head,NOT READ,N,,,,,,,0,/no-tax-on-overtime/,tool
is no tax on overtime true,20,N,c26,-50,,question,NOT READ,N,,,,,,,0,/no-tax-on-overtime/,tool FAQ
no tax on overtime for 2026,20,N,c26,new (from ~0),,dated,NOT READ,N,,,,,,,0,/no-tax-on-overtime-2026/,dated 2026 page
no tax on overtime arkansas,20,N,c26,-57,,head,NOT READ,N,,,,,,,0,/no-tax-on-overtime/,tool
no tax on overtime end date,20,N,c26,33,,head,NOT READ,N,,,,,,,0,/no-tax-on-overtime/,tool
no tax on overtime in texas,20,N,c26,-50,,head,NOT READ,N,,,,,,,0,/no-tax-on-overtime/,tool
no tax on overtime oklahoma,20,N,c26,-43,,head,NOT READ,N,,,,,,,0,/no-tax-on-overtime/,tool
no tax on overtime agi limit,20,N,c26,new (from ~0),,eligibility,NOT READ,N,,,,,,,0,/no-tax-on-overtime/who-qualifies/,eligibility explainer
no tax on overtime exclusions,20,N,c26,-50,,head,NOT READ,N,,,,,,,0,/no-tax-on-overtime/,tool
no tax on overtime for nurses,20,N,c26,-50,,head,NOT READ,N,,,,,,,0,/no-tax-on-overtime/,tool
no tax on overtime percentage,20,N,c26,-33,,head,NOT READ,N,,,,,,,0,/no-tax-on-overtime/,tool
no tax on overtime rules 2026,20,N,c26,new (from ~0),,dated|eligibility,NOT READ,N,,,,,,,0,/no-tax-on-overtime-2026/,dated 2026 page
no tax on overtime ups driver,20,N,c26,new (from ~0),,head,NOT READ,N,,,,,,,0,/no-tax-on-overtime/,tool
no tax on tips 2026 explained,20,Y,c41,new (from ~0),0.1,dated|how-to,NOT READ,N,,,,,,,0,/no-tax-on-tips-2026/,dated 2026 page
overtime tax deduction example,20,N,c26,new (from ~0),,how-to,NOT READ,N,,,,,,,0,/overtime-tax-deduction/how-to-calculate/,how-to
no tax on overtime on paycheck,20,N,c26,-67,,head,NOT READ,N,,,,,,,0,/no-tax-on-overtime/,tool
no tax on overtime joint filing,20,N,c26,-33,,head,NOT READ,N,,,,,,,0,/no-tax-on-overtime/,tool
no tax on tips calculator reddit,20,N,c41,new (from ~0),,calculator,NOT READ,N,,,,,,,0,/no-tax-on-tips/,tool
no tax on overtime single person,20,N,c26,new (from ~0),,head,NOT READ,N,,,,,,,0,/no-tax-on-overtime/,tool
no tax on overtime south carolina,20,N,c26,-25,,head,NOT READ,N,,,,,,,0,/no-tax-on-overtime/,tool
no tax on overtime union contract,20,N,c26,new (from ~0),,head,NOT READ,N,,,,,,,0,/no-tax-on-overtime/,tool
no tax on overtime calculator 2026,20,N,c26,new (from ~0),,calculator|dated,NOT READ,N,,,,,,,0,/no-tax-on-overtime-2026/,dated 2026 page
overtime tax deduction eligibility,20,N,c26,new (from ~0),,eligibility,NOT READ,N,,,,,,,0,/overtime-tax-deduction/who-qualifies/,eligibility explainer
do you get taxed extra for overtime,20,N,c26,-50,,question,NOT READ,N,,,,,,,0,/no-tax-on-overtime/,tool FAQ
no tax on overtime calculator texas,20,N,c26,-100,,calculator,NOT READ,N,,,,,,,0,/no-tax-on-overtime/,tool
what is qualified overtime deduction,20,N,c26,new (from ~0),,question|eligibility|how-to,NOT READ,N,,,,,,,0,/qualified-overtime-deduction/who-qualifies/,eligibility explainer
qualified overtime deduction phase out,20,N,c26,new (from ~0),,eligibility,NOT READ,N,,,,,,,0,/qualified-overtime-deduction/who-qualifies/,eligibility explainer
how to calculate no tax on overtime pay,20,N,c26,new (from ~0),,question|calculator|how-to,NOT READ,N,,,,,,,0,/no-tax-on-overtime/,tool
no tax on overtime california calculator,20,N,c26,-50,,calculator,NOT READ,N,,,,,,,0,/no-tax-on-overtime/,tool
no tax on overtime vs standard deduction,20,N,c26,-50,,compare,NOT READ,N,,,,,,,0,/no-tax-on-overtime/compare/,comparison
no tax on overtime will i get money back,20,N,c26,new (from ~0),,head,NOT READ,N,,,,,,,0,/no-tax-on-overtime/,tool
does no tax on overtime affect employers,20,N,c26,-67,,question,NOT READ,N,,,,,,,0,/no-tax-on-overtime/,tool FAQ
no tax on overtime az,10,Y,c9,0,,head,NOT READ,N,,,,,,,0,/no-tax-on-overtime/,tool
no tax on overtime ky,10,N,c9,-33,,head,NOT READ,N,,,,,,,0,/no-tax-on-overtime/,tool
no tax on overtime sc,10,N,c9,0,,head,NOT READ,N,,,,,,,0,/no-tax-on-overtime/,tool
no tax on overtime us,10,N,c9,0,,head,NOT READ,N,,,,,,,0,/no-tax-on-overtime/,tool
no tax on overtime usa,10,N,c9,0,,head,NOT READ,N,,,,,,,0,/no-tax-on-overtime/,tool
no tax on tips for 2026,10,Y,c22,new (from ~0),0.08,dated,NOT READ,N,,,,,,,0,/no-tax-on-tips-2026/,dated 2026 page
no tax on overtime date,10,N,c9,-80,,head,NOT READ,N,,,,,,,0,/no-tax-on-overtime/,tool
no tax on overtime true,10,N,c9,-40,,head,NOT READ,N,,,,,,,0,/no-tax-on-overtime/,tool
no tax on overtime truth,10,N,c9,0,,head,NOT READ,N,,,,,,,0,/no-tax-on-overtime/,tool
no tax on overtime up to,10,N,c9,-50,,head,NOT READ,N,,,,,,,0,/no-tax-on-overtime/,tool
no tax on overtime kansas,10,N,c9,-33,,head,NOT READ,N,,,,,,,0,/no-tax-on-overtime/,tool
no tax on overtime nevada,10,N,c9,-25,,head,NOT READ,N,,,,,,,0,/no-tax-on-overtime/,tool
no tax on overtime reform,10,N,c9,,,head,NOT READ,N,,,,,,,0,/no-tax-on-overtime/,tool
no tax on overtime expires,10,N,c9,33,,head,NOT READ,N,,,,,,,0,/no-tax-on-overtime/,tool
no tax on overtime kick in,10,N,c9,-67,,head,NOT READ,N,,,,,,,0,/no-tax-on-overtime/,tool
no tax on overtime kentucky,10,N,c9,0,,head,NOT READ,N,,,,,,,0,/no-tax-on-overtime/,tool
no tax on overtime paycheck,10,N,c9,0,,head,NOT READ,N,,,,,,,0,/no-tax-on-overtime/,tool
no tax on overtime verbiage,10,N,c9,-50,,head,NOT READ,N,,,,,,,0,/no-tax-on-overtime/,tool
no tax on overtime 2026 irs,10,N,c9,new (from ~0),,dated,NOT READ,N,,,,,,,0,/no-tax-on-overtime-2026/,dated 2026 page
is no tax on overtime a law,10,N,c9,-25,,question,NOT READ,N,,,,,,,0,/no-tax-on-overtime/,tool FAQ
no tax on overtime louisiana,10,N,c9,-25,,head,NOT READ,N,,,,,,,0,/no-tax-on-overtime/,tool
no tax on overtime permanent,10,N,c9,-25,,head,NOT READ,N,,,,,,,0,/no-tax-on-overtime/,tool
no tax on overtime passed yet,10,N,c9,-60,,head,NOT READ,N,,,,,,,0,/no-tax-on-overtime/,tool
no tax on tips 2025 calculator,10,N,c22,,,calculator|dated,NOT READ,N,,,,,,,0,/no-tax-on-tips-2025/,dated 2025 page
no tax on overtime good or bad,10,N,c9,-75,,head,NOT READ,N,,,,,,,0,/no-tax-on-overtime/,tool
does no tax on overtime expire,10,N,c9,33,,question,NOT READ,N,,,,,,,0,/no-tax-on-overtime/,tool FAQ
requirements for no tax on tips,10,N,c22,0,,eligibility,NOT READ,N,,,,,,,0,/no-tax-on-tips/who-qualifies/,eligibility explainer
no tax on overtime do i qualify,10,N,c9,new (from ~0),,eligibility,NOT READ,N,,,,,,,0,/no-tax-on-overtime/who-qualifies/,eligibility explainer
no tax on overtime go in effect,10,N,c9,-67,,head,NOT READ,N,,,,,,,0,/no-tax-on-overtime/,tool
no tax on overtime january 2026,10,N,c9,new (from ~0),,dated,NOT READ,N,,,,,,,0,/no-tax-on-overtime-2026/,dated 2026 page
no tax on tips return calculator,10,N,c22,new (from ~0),,calculator,NOT READ,N,,,,,,,0,/no-tax-on-tips/,tool
no tax on overtime law explained,10,N,c9,new (from ~0),,how-to,NOT READ,N,,,,,,,0,/no-tax-on-overtime/how-to-calculate/,how-to
no tax on overtime nc start date,10,N,c9,0,,head,NOT READ,N,,,,,,,0,/no-tax-on-overtime/,tool
no tax on overtime goes in effect,10,N,c9,-67,,head,NOT READ,N,,,,,,,0,/no-tax-on-overtime/,tool
no tax on overtime 2026 explained,10,N,c9,new (from ~0),,dated|how-to,NOT READ,N,,,,,,,0,/no-tax-on-overtime-2026/,dated 2026 page
does no tax on overtime phase out,10,N,c9,new (from ~0),,question|eligibility,NOT READ,N,,,,,,,0,/no-tax-on-overtime/who-qualifies/,eligibility explainer
qualified overtime deduction on w2,10,N,c9,new (from ~0),,eligibility,NOT READ,N,,,,,,,0,/qualified-overtime-deduction/who-qualifies/,eligibility explainer
no tax on overtime deduction limit,10,N,c9,-60,,eligibility,NOT READ,N,,,,,,,0,/no-tax-on-overtime/who-qualifies/,eligibility explainer
is no tax on overtime a good thing,10,N,c9,0,,question,NOT READ,N,,,,,,,0,/no-tax-on-overtime/,tool FAQ
does no tax on overtime have a cap,10,N,c9,0,,question,NOT READ,N,,,,,,,0,/no-tax-on-overtime/,tool FAQ
how to apply for no tax on overtime,10,N,c9,new (from ~0),,question|how-to,NOT READ,N,,,,,,,0,/no-tax-on-overtime/how-to-calculate/,how-to
no tax on tips deduction calculator,10,N,c22,new (from ~0),,calculator,NOT READ,N,,,,,,,0,/no-tax-on-tips/,tool
no tax on overtime federal or state,10,N,c9,-25,,head,NOT READ,N,,,,,,,0,/no-tax-on-overtime/,tool
no tax on overtime how will it work,10,N,c9,-67,,head,NOT READ,N,,,,,,,0,/no-tax-on-overtime/,tool
no tax on overtime calculator reddit,10,N,c9,,,calculator,NOT READ,N,,,,,,,0,/no-tax-on-overtime/,tool
is there no tax on overtime for 2026,10,N,c9,new (from ~0),,question|dated,NOT READ,N,,,,,,,0,/no-tax-on-overtime-2026/,dated 2026 page
has no tax on overtime kicked in yet,10,N,c9,0,,head,NOT READ,N,,,,,,,0,/no-tax-on-overtime/,tool
no tax on overtime up to what amount,10,N,c9,33,,head,NOT READ,N,,,,,,,0,/no-tax-on-overtime/,tool
no tax on overtime when did it start,10,N,c9,new (from ~0),,head,NOT READ,N,,,,,,,0,/no-tax-on-overtime/,tool
no tax on overtime and tips explained,10,N,c9,0,,how-to,NOT READ,N,,,,,,,0,/no-tax-on-overtime/how-to-calculate/,how-to
does no tax on overtime apply to 2026,10,N,c9,new (from ~0),,question|dated,NOT READ,N,,,,,,,0,/no-tax-on-overtime-2026/,dated 2026 page
qualified overtime deduction worksheet,10,N,c9,new (from ~0),,eligibility,NOT READ,N,,,,,,,0,/qualified-overtime-deduction/who-qualifies/,eligibility explainer
is no tax on overtime for 2025 or 2026,10,N,c9,,,question|dated,NOT READ,N,,,,,,,0,/no-tax-on-overtime-2025/,dated 2025 page
no tax on overtime paycheck calculator,10,N,c9,0,,calculator,NOT READ,N,,,,,,,0,/no-tax-on-overtime/,tool
how to claim no tax on overtime turbotax,10,N,c9,,,question|how-to,NOT READ,N,,,,,,,0,/no-tax-on-overtime/how-to-calculate/,how-to
is no tax on overtime in effect for 2026,10,N,c9,new (from ~0),,question|dated,NOT READ,N,,,,,,,0,/no-tax-on-overtime-2026/,dated 2026 page
no tax on overtime how long will it last,10,N,c9,new (from ~0),,head,NOT READ,N,,,,,,,0,/no-tax-on-overtime/,tool
how to claim no tax on overtime deduction,10,N,c9,new (from ~0),,question|how-to,NOT READ,N,,,,,,,0,/no-tax-on-overtime/how-to-calculate/,how-to
no tax on overtime one big beautiful bill,10,N,c9,-40,,head,NOT READ,N,,,,,,,0,/no-tax-on-overtime/,tool
no tax on overtime transportation workers,10,N,c9,new (from ~0),,head,NOT READ,N,,,,,,,0,/no-tax-on-overtime/,tool
no tax on overtime do you have to itemize,10,N,c9,-67,,head,NOT READ,N,,,,,,,0,/no-tax-on-overtime/,tool
what industries qualify for no tax on tips,10,N,c22,new (from ~0),,question|eligibility,NOT READ,N,,,,,,,0,/no-tax-on-tips/who-qualifies/,eligibility explainer
how to calculate no tax on overtime reddit,10,N,c9,new (from ~0),,question|calculator|how-to,NOT READ,N,,,,,,,0,/no-tax-on-overtime/,tool
how to calculate no tax on overtime refund,10,N,c9,,,question|calculator|how-to,NOT READ,N,,,,,,,0,/no-tax-on-overtime/,tool
how to get the no tax on overtime deduction,10,N,c9,,,question|how-to,NOT READ,N,,,,,,,0,/no-tax-on-overtime/how-to-calculate/,how-to
no tax on overtime calculator near illinois,10,N,c9,new (from ~0),,calculator,NOT READ,N,,,,,,,0,/no-tax-on-overtime/,tool
what professions qualify for no tax on tips,10,N,c22,new (from ~0),,question|eligibility,NOT READ,N,,,,,,,0,/no-tax-on-tips/who-qualifies/,eligibility explainer
how to claim the no tax on overtime deduction,10,N,c9,new (from ~0),,question|how-to,NOT READ,N,,,,,,,0,/no-tax-on-overtime/how-to-calculate/,how-to
no tax on overtime details big beautiful bill,10,N,c9,-67,,head,NOT READ,N,,,,,,,0,/no-tax-on-overtime/,tool
how will the no tax on overtime deduction work,10,N,c9,-100,,question,NOT READ,N,,,,,,,0,/no-tax-on-overtime/,tool FAQ
no tax on overtime calculator near pennsylvania,10,N,c9,-67,,calculator,NOT READ,N,,,,,,,0,/no-tax-on-overtime/,tool
no tax on overtime calculator married filing jointly,10,N,c9,-80,,calculator,NOT READ,N,,,,,,,0,/no-tax-on-overtime/,tool