keyword,volume,tags,label,ai_overview,young_domains_top10,best_young_pos,young_list,ugc_top10,best_ugc_pos,incumbents_top3,age_unknown_top10,top10,paa,fetched_at
no tax on overtime,60500,head,LOCKED,true,0,,,0,,irs.gov,2,#1 irs.gov (347mo); #2 fidelity.com (360mo); #3 virginia.edu; #4 epi.org (375mo); #5 ncosc.gov (40mo); #6 policymattersohio.org (318mo); #7 harvard.edu; #8 youtube.com (259mo),How does the no tax on overtime work? || How will the no tax on overtime work in 2026? || How soon will no tax on overtime start? || How much will no tax on overtime save me?,2026-09-14T11:54:30.514Z
no tax on tips,27100,head,LOCKED,true,0,,,0,,irs.gov|congress.gov|intuit.com,0,#1 irs.gov (347mo); #2 congress.gov (347mo); #3 intuit.com (391mo); #4 fidelity.com (360mo); #5 treasury.gov (342mo); #6 bipartisanpolicy.org (248mo); #7 wikipedia.org (308mo); #8 youtube.com (259mo); #9 taxact.com (340mo),How will the no tax on tips work? || What's the downside to no tax on tips? || Has no tax on tips kicked in yet? || Which states are allowing no tax on tips?,2026-09-14T11:59:42.744Z
no tax on overtime calculator,18100,calculator,FAST,true,1,1,#1 notaxovertimecalculator.com (8mo),1,8,intuit.com,0,#1 notaxovertimecalculator.com (8mo); #2 intuit.com (391mo); #3 taxslayer.com (358mo); #4 irs.gov (347mo); #5 indeedflex.com (77mo); #6 timesheets.com (361mo); #7 fidelity.com (360mo); #8 reddit.com (256mo); #9 freetaxusa.com (288mo),How to calculate your no tax overtime? || How much more money will I get with no tax on overtime? || How will the no tax on OT work? || Do you get a bigger tax refund if you work overtime?,2026-09-14T11:58:17.340Z
overtime tax deduction,12100,head,LOCKED,true,0,,,0,,irs.gov|intuit.com,3,#1 irs.gov (347mo); #2 intuit.com (391mo); #3 virginia.edu; #4 fidelity.com (360mo); #5 irs.gov (347mo); #6 harvard.edu; #7 nlc.org (380mo); #8 ku.edu; #9 ncosc.gov (40mo),Is it worth claiming overtime on taxes? || Will I get a bigger tax refund if I work overtime? || How does the no tax on overtime work for 2026? || Will I get my OT tax back?,2026-09-14T12:00:49.703Z
how does no tax on overtime work,8100,question|how-to,OPENING,true,0,,,1,3,irs.gov,1,#1 fidelity.com (360mo); #2 irs.gov (347mo); #3 reddit.com (256mo); #4 brown.edu; #5 gfoa.org (360mo); #6 ncosc.gov (40mo); #7 epi.org (375mo); #8 intuit.com (391mo),How much money will I get back for no tax on overtime? || Will my tax return be bigger with no tax on overtime? || Is no tax on overtime a good thing? || How much of overtime pay will not be taxed?,2026-09-14T12:01:17.703Z
no tax on overtime explained,5400,how-to,OPENING,true,0,,,1,3,irs.gov,2,#1 irs.gov (347mo); #2 fidelity.com (360mo); #3 reddit.com (256mo); #4 brown.edu; #5 gfoa.org (360mo); #6 ncosc.gov (40mo); #7 intuit.com (391mo); #8 virginia.edu; #9 epi.org (375mo),How much money will I get back for no tax on overtime? || What is the downside of no tax on overtime? || Will I get a bigger tax refund if I work overtime? || How will the no tax on overtime work in 2026?,2026-09-14T12:02:06.478Z
no tax on tips 2025,2900,dated,LOCKED,true,0,,,0,,irs.gov|intuit.com|congress.gov,0,#1 irs.gov (347mo); #2 intuit.com (391mo); #3 congress.gov (347mo); #4 fidelity.com (360mo); #5 treasury.gov (342mo); #6 quarles.com (376mo); #7 bipartisanpolicy.org (248mo); #8 ballotpedia.org (232mo); #9 hrblock.com (366mo),How does the No Tax on Tips work? || Are servers still getting taxed on tips? || How is the No Tax on Tips going to work exactly now? || Who gets the new $6000 tax break?,2026-09-14T11:58:35.800Z
no tax on overtime bill,2900,head,LOCKED,true,0,,,0,,irs.gov|congress.gov,1,#1 irs.gov (347mo); #2 fidelity.com (360mo); #3 congress.gov (347mo); #4 mrsc.org (366mo); #5 hrblock.com (366mo); #6 harvard.edu; #7 youtube.com (259mo); #8 taxact.com (340mo); #9 intuit.com (391mo),How is no tax on overtime going to work? || How much will no tax on overtime save me? || How soon will no tax on overtime start? || How does the no tax on overtime work for 2026?,2026-09-14T12:01:44.194Z
qualified overtime deduction,2900,eligibility,LOCKED,true,0,,,0,,irs.gov|intuit.com,1,#1 irs.gov (347mo); #2 adp.com (423mo); #3 intuit.com (391mo); #4 brown.edu; #5 ncosc.gov (40mo); #6 otcpas.com (241mo); #7 gfoa.org (360mo); #8 cupahr.org (324mo); #9 fidelity.com (360mo),Will I get my OT tax back? || How to calculate qualified overtime for tax deduction? || Is it worth claiming overtime on taxes? || How much OT can I deduct on my taxes?,2026-09-14T12:02:15.933Z
no tax on overtime rules,2400,eligibility,LOCKED,true,0,,,0,,irs.gov,1,#1 irs.gov (347mo); #2 fidelity.com (360mo); #3 brown.edu; #4 mrsc.org (366mo); #5 ncosc.gov (40mo); #6 hrblock.com (366mo); #7 irs.gov (347mo); #8 taxact.com (340mo); #9 intuit.com (391mo),How soon will no tax on overtime start? || How much will no tax on overtime save me? || What is the new overtime rule for 2026? || Will I get a bigger tax refund for overtime?,2026-09-14T12:03:41.347Z
overtime tax deduction 2025,2400,dated,LOCKED,true,0,,,0,,irs.gov|intuit.com,2,#1 irs.gov (347mo); #2 intuit.com (391mo); #3 nlc.org (380mo); #4 harvard.edu; #5 illinois.edu; #6 ncosc.gov (40mo); #7 fidelity.com (360mo); #8 irs.gov (347mo); #9 taxact.com (340mo),How to calculate overtime deduction for 2025 taxes? || Will overtime stop being taxed in 2025? || Will I get my OT tax back? || How much will no tax on overtime save me?,2026-09-14T12:02:46.430Z
who qualifies for no tax on overtime,1900,question|eligibility,LOCKED,true,0,,,0,,irs.gov|irs.gov,1,#1 irs.gov (347mo); #2 fidelity.com (360mo); #3 irs.gov (347mo); #4 ibewgov.org (44mo); #5 virginia.edu; #6 gfoa.org (360mo); #7 hrblock.com (366mo); #8 intuit.com (391mo); #9 ncosc.gov (40mo),Does anyone not qualify for no tax on overtime? || How does no tax on overtime work in 2026? || How much will no tax on overtime save me? || Who does not qualify for overtime pay?,2026-09-14T12:03:40.641Z
no tax on tips rules,1600,eligibility,LOCKED,true,0,,,0,,irs.gov|intuit.com|congress.gov,0,#1 irs.gov (347mo); #2 intuit.com (391mo); #3 congress.gov (347mo); #4 fidelity.com (360mo); #5 treasury.gov (342mo); #6 taxact.com (340mo); #7 bipartisanpolicy.org (248mo); #8 hrblock.com (366mo); #9 taxslayer.com (358mo),How does the No Tax on Tips work? || How is the No Tax on Tips going to work exactly now? || What is the $600 rule? || What's the downside to No Tax on Tips?,2026-09-14T12:07:41.026Z
no tax on overtime income limit,1300,eligibility,LOCKED,true,0,,,0,,irs.gov|hrblock.com,2,#1 irs.gov (347mo); #2 fidelity.com (360mo); #3 hrblock.com (366mo); #4 irs.gov (347mo); #5 virginia.edu; #6 harvard.edu; #7 ncosc.gov (40mo); #8 intuit.com (391mo); #9 taxact.com (340mo),Who qualifies for the no tax on overtime? || Will I get a bigger tax refund if I work overtime? || How much overtime can you make without getting taxed? || How will Trump's no tax on overtime work?,2026-09-14T12:08:07.387Z
overtime tax deduction calculator 2025,1300,calculator|dated,OPENING,true,2,7,#7 digitalcalculator.info (9mo); #9 notaxonovertimecalculator.com (14mo),0,,intuit.com,0,#1 moorecolson.com (350mo); #2 intuit.com (391mo); #3 taxslayer.com (358mo); #4 irs.gov (347mo); #5 hrblock.com (366mo); #6 timesheets.com (361mo); #7 digitalcalculator.info (9mo); #8 freetaxusa.com (288mo); #9 notaxonovertimecalculator.com (14mo),How to calculate overtime tax deduction for 2025? || How do I calculate my overtime tax deduction? || How can I estimate my overtime tax credit? || How much is the overtime deduction for 2025?,2026-09-14T12:05:46.229Z
no tax on tips calculator,1000,calculator,FAST,true,2,1,#1 nationaltaxtools.com (7mo); #7 countrytaxcalc.com (13mo),0,,intuit.com,0,#1 nationaltaxtools.com (7mo); #2 onpay.com (275mo); #3 intuit.com (391mo); #4 hrblock.com (366mo); #5 plootus.com (111mo); #6 irs.gov (347mo); #7 countrytaxcalc.com (13mo); #8 ahola.com (352mo),"How do I calculate my no tax on tips? || How much will no tax on tips save me? || How does the new no tax on tips work? || Does everyone get a $3,000 tax refund?",2026-09-14T12:03:42.355Z
overtime tax deduction calculator,1000,calculator,OPENING,true,1,8,#8 digitalcalculator.info (9mo),1,5,intuit.com,0,#1 intuit.com (391mo); #2 indeedflex.com (77mo); #3 taxslayer.com (358mo); #4 timesheets.com (361mo); #5 reddit.com (256mo); #6 irs.gov (347mo); #7 fileyourtaxes.com (347mo); #8 digitalcalculator.info (9mo); #9 moorecolson.com (350mo),How do I calculate my overtime tax deduction? || How much of my overtime pay is tax deductible? || How much is $23.50 overtime pay? || How much will the no tax on overtime save me?,2026-09-14T12:09:11.852Z
no tax on overtime limit,880,eligibility,LOCKED,true,0,,,0,,irs.gov|hrblock.com,2,#1 irs.gov (347mo); #2 fidelity.com (360mo); #3 hrblock.com (366mo); #4 intuit.com (391mo); #5 virginia.edu; #6 ncosc.gov (40mo); #7 harvard.edu; #8 mrsc.org (366mo),How would the no tax on overtime work? || How soon will no tax on overtime start? || How much will no tax on overtime save me? || How will the no tax on overtime work in 2026?,2026-09-14T12:08:02.996Z
how to calculate no tax on overtime,880,question|calculator|how-to,FAST,true,1,2,#2 notaxovertimecalculator.com (8mo),0,,irs.gov|intuit.com,0,#1 irs.gov (347mo); #2 notaxovertimecalculator.com (8mo); #3 intuit.com (391mo); #4 taxslayer.com (358mo); #5 fidelity.com (360mo); #6 youtube.com (259mo); #7 ncosc.gov (40mo); #8 jacksonhewitt.com (355mo); #9 hrblock.com (366mo),How will no tax on overtime work? || How much will no tax on overtime save me? || What is the formula to calculate overtime pay? || How to calculate ot formula?,2026-09-14T12:09:08.403Z
no tax on tips 2026,720,dated,LOCKED,true,0,,,0,,irs.gov|congress.gov,0,#1 irs.gov (347mo); #2 fidelity.com (360mo); #3 congress.gov (347mo); #4 intuit.com (391mo); #5 taxact.com (340mo); #6 irs.gov (347mo); #7 bipartisanpolicy.org (248mo); #8 hrsource.org (318mo),How will no tax on tips work? || Is no tax on tips passed yet? || Who gets the new $6000 tax break? || Which states are allowing no tax on tips?,2026-09-14T12:08:02.882Z
how to calculate overtime tax deduction,720,question|calculator|how-to,OPENING,true,0,,,1,4,intuit.com|irs.gov,0,#1 intuit.com (391mo); #2 irs.gov (347mo); #3 taxslayer.com (358mo); #4 reddit.com (256mo); #5 freetaxusa.com (288mo); #6 moorecolson.com (350mo); #7 intuit.com (391mo); #8 fidelity.com (360mo),Will I get a bigger tax refund if I work overtime? || What is the formula for OT? || Will I get all my overtime taxes back? || How can I calculate my overtime?,2026-09-14T12:11:40.382Z
does overtime get taxed,2400,question,OPENING,true,0,,,1,4,irs.gov|hrblock.com,2,#1 fidelity.com (360mo); #2 irs.gov (347mo); #3 hrblock.com (366mo); #4 reddit.com (256mo); #5 virginia.edu; #6 ncosc.gov (40mo); #7 harvard.edu; #8 intuit.com (391mo); #9 taxact.com (340mo),Do you actually get taxed more on overtime? || How will the no tax on overtime work in 2026? || Will I get all my overtime taxes back? || How will Trump's no tax on overtime work?,2026-09-14T12:09:22.475Z
how does no tax on tips work,1900,question|how-to,OPENING,true,0,,,1,7,intuit.com,0,#1 intuit.com (391mo); #2 fidelity.com (360mo); #3 bipartisanpolicy.org (248mo); #4 taxact.com (340mo); #5 irs.gov (347mo); #6 congress.gov (347mo); #7 reddit.com (256mo); #8 hrblock.com (366mo); #9 onpay.com (275mo),How much will I get back no tax on tips? || Who will benefit from no tax on tips? || How does the no tax on tips and overtime work? || How is the no tax on tips going to work exactly now?,2026-09-14T12:10:56.533Z
is no tax on overtime in effect,1900,question,LOCKED,true,0,,,0,,hrblock.com|intuit.com,1,#1 fidelity.com (360mo); #2 hrblock.com (366mo); #3 intuit.com (391mo); #4 ncosc.gov (40mo); #5 mrsc.org (366mo); #6 ku.edu; #7 irs.gov (347mo); #8 taxact.com (340mo); #9 quarles.com (376mo),Are taxes still being taken out of overtime pay? || How does the no tax on overtime work? || How much will no tax on overtime save me? || How does the no tax on overtime work for 2026?,2026-09-14T12:09:22.227Z
is overtime taxable,880,question,LOCKED,true,0,,,0,,irs.gov|hrblock.com,1,#1 irs.gov (347mo); #2 fidelity.com (360mo); #3 hrblock.com (366mo); #4 intuit.com (391mo); #5 brown.edu; #6 ncosc.gov (40mo); #7 gfoa.org (360mo); #8 epi.org (375mo); #9 youtube.com (259mo),How will the no tax on overtime work in 2026? || How will Trump's no tax on overtime work? || Do you actually get taxed more on overtime? || Will I get all my overtime taxes back?,2026-09-14T12:10:34.116Z